period,duoarea,area-name,product,product-name,process,process-name,series,series-description,region,flight_day,price_month,price_per_gallon_usd,fuel_category
2025-06,Y05LA,LOS ANGELES,EPD2DC,Carb Diesel,PF4,Spot Price FOB,EER_EPD2DC_PF4_Y05LA_DPG,"Los Angeles, CA Ultra-Low Sulfur CARB Diesel Spot Price (Dollars per Gallon)",Gulf Coast,2025-06-11,2025-06,4.557,Diesel
2025-06,Y35NY,NEW YORK CITY,EPD2DXL0,No 2 Diesel Low Sulfur (0-15 ppm),PF4,Spot Price FOB,EER_EPD2DXL0_PF4_Y35NY_DPG,New York Harbor Ultra-Low Sulfur No 2 Diesel Spot Price (Dollars per Gallon),Gulf Coast,2025-03-30,2025-06,2.64,Diesel
2025-06,RGC,NA,EPJK,Kerosene-Type Jet Fuel,PF4,Spot Price FOB,EER_EPJK_PF4_RGC_DPG,U.S. Gulf Coast Kerosene-Type Jet Fuel Spot Price FOB (Dollars per Gallon),Midwest,2025-05-09,2025-06,3.054,Jet Fuel
2025-06,Y05LA,LOS ANGELES,EPMRR,Reformulated Regular Gasoline,PF4,Spot Price FOB,EER_EPMRR_PF4_Y05LA_DPG,Los Angeles Reformulated RBOB Regular Gasoline Spot Price (Dollars per Gallon),Midwest,2025-06-07,2025-06,2.833,Gasoline
2025-06,YCUOK,NA,EPCWTI,WTI Crude Oil,PF4,Spot Price FOB,RWTC,"Cushing, OK WTI Spot Price FOB (Dollars per Barrel)",Rocky Mountains,2025-04-04,2025-06,3.155,Crude Oil
2025-06,RGC,NA,EPMRU,Conventional Regular Gasoline,PF4,Spot Price FOB,EER_EPMRU_PF4_RGC_DPG,U.S. Gulf Coast Conventional Gasoline Regular Spot Price FOB (Dollars per Gallon),Gulf Coast,2025-04-26,2025-06,3.309,Gasoline
2025-06,RGC,NA,EPD2DXL0,No 2 Diesel Low Sulfur (0-15 ppm),PF4,Spot Price FOB,EER_EPD2DXL0_PF4_RGC_DPG,U.S. Gulf Coast Ultra-Low Sulfur No 2 Diesel Spot Price (Dollars per Gallon),Gulf Coast,2025-05-16,2025-06,3.952,Diesel
2025-06,Y35NY,NEW YORK CITY,EPD2F,No 2 Fuel Oil / Heating Oil,PF4,Spot Price FOB,EER_EPD2F_PF4_Y35NY_DPG,New York Harbor No. 2 Heating Oil Spot Price FOB (Dollars per Gallon),West Coast,2025-04-20,2025-06,1.532,Other
2025-06,Y35NY,NEW YORK CITY,EPMRU,Conventional Regular Gasoline,PF4,Spot Price FOB,EER_EPMRU_PF4_Y35NY_DPG,New York Harbor Conventional Gasoline Regular Spot Price FOB (Dollars per Gallon),Rocky Mountains,2025-05-31,2025-06,3.901,Gasoline
2025-06,ZEU,NA,EPCBRENT,UK Brent Crude Oil,PF4,Spot Price FOB,RBRTE,Europe Brent Spot Price FOB (Dollars per Barrel),West Coast,2025-06-08,2025-06,119.61,Crude Oil
2025-06,Y44MB,NA,EPLLPA,Propane,PF4,Spot Price FOB,EER_EPLLPA_PF4_Y44MB_DPG,"Mont Belvieu, TX Propane Spot Price FOB (Dollars per Gallon)",Gulf Coast,2025-06-16,2025-06,3.59,Other
2025-05,ZEU,NA,EPCBRENT,UK Brent Crude Oil,PF4,Spot Price FOB,RBRTE,Europe Brent Spot Price FOB (Dollars per Barrel),West Coast,2025-06-22,2025-05,119.44,Crude Oil
2025-05,Y44MB,NA,EPLLPA,Propane,PF4,Spot Price FOB,EER_EPLLPA_PF4_Y44MB_DPG,"Mont Belvieu, TX Propane Spot Price FOB (Dollars per Gallon)",Gulf Coast,2025-05-04,2025-05,4.888,Other
2025-05,Y05LA,LOS ANGELES,EPD2DC,Carb Diesel,PF4,Spot Price FOB,EER_EPD2DC_PF4_Y05LA_DPG,"Los Angeles, CA Ultra-Low Sulfur CARB Diesel Spot Price (Dollars per Gallon)",Gulf Coast,2025-05-29,2025-05,2.555,Diesel
2025-05,Y35NY,NEW YORK CITY,EPD2DXL0,No 2 Diesel Low Sulfur (0-15 ppm),PF4,Spot Price FOB,EER_EPD2DXL0_PF4_Y35NY_DPG,New York Harbor Ultra-Low Sulfur No 2 Diesel Spot Price (Dollars per Gallon),Gulf Coast,2025-05-17,2025-05,2.348,Diesel
2025-05,RGC,NA,EPJK,Kerosene-Type Jet Fuel,PF4,Spot Price FOB,EER_EPJK_PF4_RGC_DPG,U.S. Gulf Coast Kerosene-Type Jet Fuel Spot Price FOB (Dollars per Gallon),Midwest,2025-04-25,2025-05,2.796,Jet Fuel
2025-05,Y05LA,LOS ANGELES,EPMRR,Reformulated Regular Gasoline,PF4,Spot Price FOB,EER_EPMRR_PF4_Y05LA_DPG,Los Angeles Reformulated RBOB Regular Gasoline Spot Price (Dollars per Gallon),Midwest,2025-03-29,2025-05,2.992,Gasoline
2025-05,YCUOK,NA,EPCWTI,WTI Crude Oil,PF4,Spot Price FOB,RWTC,"Cushing, OK WTI Spot Price FOB (Dollars per Barrel)",Rocky Mountains,2025-05-11,2025-05,4.41,Crude Oil
2025-05,RGC,NA,EPMRU,Conventional Regular Gasoline,PF4,Spot Price FOB,EER_EPMRU_PF4_RGC_DPG,U.S. Gulf Coast Conventional Gasoline Regular Spot Price FOB (Dollars per Gallon),Gulf Coast,2025-04-26,2025-05,3.056,Gasoline
2025-05,RGC,NA,EPD2DXL0,No 2 Diesel Low Sulfur (0-15 ppm),PF4,Spot Price FOB,EER_EPD2DXL0_PF4_RGC_DPG,U.S. Gulf Coast Ultra-Low Sulfur No 2 Diesel Spot Price (Dollars per Gallon),Gulf Coast,2025-04-22,2025-05,4.336,Diesel
2025-05,Y35NY,NEW YORK CITY,EPD2F,No 2 Fuel Oil / Heating Oil,PF4,Spot Price FOB,EER_EPD2F_PF4_Y35NY_DPG,New York Harbor No. 2 Heating Oil Spot Price FOB (Dollars per Gallon),West Coast,2025-05-26,2025-05,4.202,Other
2025-05,Y35NY,NEW YORK CITY,EPMRU,Conventional Regular Gasoline,PF4,Spot Price FOB,EER_EPMRU_PF4_Y35NY_DPG,New York Harbor Conventional Gasoline Regular Spot Price FOB (Dollars per Gallon),Rocky Mountains,2025-06-09,2025-05,2.196,Gasoline
2025-04,RGC,NA,EPJK,Kerosene-Type Jet Fuel,PF4,Spot Price FOB,EER_EPJK_PF4_RGC_DPG,U.S. Gulf Coast Kerosene-Type Jet Fuel Spot Price FOB (Dollars per Gallon),Gulf Coast,2025-04-14,2025-04,3.609,Jet Fuel
2025-04,Y35NY,NEW YORK CITY,EPD2DXL0,No 2 Diesel Low Sulfur (0-15 ppm),PF4,Spot Price FOB,EER_EPD2DXL0_PF4_Y35NY_DPG,New York Harbor Ultra-Low Sulfur No 2 Diesel Spot Price (Dollars per Gallon),West Coast,2025-04-04,2025-04,2.461,Diesel
2025-04,Y44MB,NA,EPLLPA,Propane,PF4,Spot Price FOB,EER_EPLLPA_PF4_Y44MB_DPG,"Mont Belvieu, TX Propane Spot Price FOB (Dollars per Gallon)",Rocky Mountains,2025-06-10,2025-04,4.862,Other
2025-04,Y35NY,NEW YORK CITY,EPD2F,No 2 Fuel Oil / Heating Oil,PF4,Spot Price FOB,EER_EPD2F_PF4_Y35NY_DPG,New York Harbor No. 2 Heating Oil Spot Price FOB (Dollars per Gallon),West Coast,2025-04-05,2025-04,4.491,Other
2025-04,Y05LA,LOS ANGELES,EPD2DC,Carb Diesel,PF4,Spot Price FOB,EER_EPD2DC_PF4_Y05LA_DPG,"Los Angeles, CA Ultra-Low Sulfur CARB Diesel Spot Price (Dollars per Gallon)",West Coast,2025-03-30,2025-04,3.956,Diesel
2025-04,Y05LA,LOS ANGELES,EPMRR,Reformulated Regular Gasoline,PF4,Spot Price FOB,EER_EPMRR_PF4_Y05LA_DPG,Los Angeles Reformulated RBOB Regular Gasoline Spot Price (Dollars per Gallon),Rocky Mountains,2025-05-29,2025-04,2.252,Gasoline
2025-04,YCUOK,NA,EPCWTI,WTI Crude Oil,PF4,Spot Price FOB,RWTC,"Cushing, OK WTI Spot Price FOB (Dollars per Barrel)",Gulf Coast,2025-04-23,2025-04,4.006,Crude Oil
2025-04,Y35NY,NEW YORK CITY,EPMRU,Conventional Regular Gasoline,PF4,Spot Price FOB,EER_EPMRU_PF4_Y35NY_DPG,New York Harbor Conventional Gasoline Regular Spot Price FOB (Dollars per Gallon),Midwest,2025-06-15,2025-04,2.705,Gasoline
2025-04,RGC,NA,EPMRU,Conventional Regular Gasoline,PF4,Spot Price FOB,EER_EPMRU_PF4_RGC_DPG,U.S. Gulf Coast Conventional Gasoline Regular Spot Price FOB (Dollars per Gallon),Rocky Mountains,2025-04-11,2025-04,3.541,Gasoline
2025-04,RGC,NA,EPD2DXL0,No 2 Diesel Low Sulfur (0-15 ppm),PF4,Spot Price FOB,EER_EPD2DXL0_PF4_RGC_DPG,U.S. Gulf Coast Ultra-Low Sulfur No 2 Diesel Spot Price (Dollars per Gallon),Midwest,2025-06-19,2025-04,3.131,Diesel
2025-04,ZEU,NA,EPCBRENT,UK Brent Crude Oil,PF4,Spot Price FOB,RBRTE,Europe Brent Spot Price FOB (Dollars per Barrel),Midwest,2025-05-12,2025-04,85.96,Crude Oil
2025-03,ZEU,NA,EPCBRENT,UK Brent Crude Oil,PF4,Spot Price FOB,RBRTE,Europe Brent Spot Price FOB (Dollars per Barrel),Rocky Mountains,2025-04-08,2025-03,83.24,Crude Oil
2025-03,Y44MB,NA,EPLLPA,Propane,PF4,Spot Price FOB,EER_EPLLPA_PF4_Y44MB_DPG,"Mont Belvieu, TX Propane Spot Price FOB (Dollars per Gallon)",Gulf Coast,2025-06-27,2025-03,2.437,Other
2025-03,RGC,NA,EPD2DXL0,No 2 Diesel Low Sulfur (0-15 ppm),PF4,Spot Price FOB,EER_EPD2DXL0_PF4_RGC_DPG,U.S. Gulf Coast Ultra-Low Sulfur No 2 Diesel Spot Price (Dollars per Gallon),Rocky Mountains,2025-06-02,2025-03,2.088,Diesel
2025-03,YCUOK,NA,EPCWTI,WTI Crude Oil,PF4,Spot Price FOB,RWTC,"Cushing, OK WTI Spot Price FOB (Dollars per Barrel)",Rocky Mountains,2025-05-03,2025-03,3.407,Crude Oil
2025-03,Y35NY,NEW YORK CITY,EPD2F,No 2 Fuel Oil / Heating Oil,PF4,Spot Price FOB,EER_EPD2F_PF4_Y35NY_DPG,New York Harbor No. 2 Heating Oil Spot Price FOB (Dollars per Gallon),Gulf Coast,2025-05-02,2025-03,3.128,Other
2025-03,Y35NY,NEW YORK CITY,EPMRU,Conventional Regular Gasoline,PF4,Spot Price FOB,EER_EPMRU_PF4_Y35NY_DPG,New York Harbor Conventional Gasoline Regular Spot Price FOB (Dollars per Gallon),Gulf Coast,2025-06-27,2025-03,2.837,Gasoline
2025-03,RGC,NA,EPMRU,Conventional Regular Gasoline,PF4,Spot Price FOB,EER_EPMRU_PF4_RGC_DPG,U.S. Gulf Coast Conventional Gasoline Regular Spot Price FOB (Dollars per Gallon),West Coast,2025-06-16,2025-03,3.615,Gasoline
2025-03,Y05LA,LOS ANGELES,EPMRR,Reformulated Regular Gasoline,PF4,Spot Price FOB,EER_EPMRR_PF4_Y05LA_DPG,Los Angeles Reformulated RBOB Regular Gasoline Spot Price (Dollars per Gallon),West Coast,2025-04-05,2025-03,2.832,Gasoline
2025-03,Y05LA,LOS ANGELES,EPD2DC,Carb Diesel,PF4,Spot Price FOB,EER_EPD2DC_PF4_Y05LA_DPG,"Los Angeles, CA Ultra-Low Sulfur CARB Diesel Spot Price (Dollars per Gallon)",West Coast,2025-04-02,2025-03,3.326,Diesel
2025-03,Y35NY,NEW YORK CITY,EPD2DXL0,No 2 Diesel Low Sulfur (0-15 ppm),PF4,Spot Price FOB,EER_EPD2DXL0_PF4_Y35NY_DPG,New York Harbor Ultra-Low Sulfur No 2 Diesel Spot Price (Dollars per Gallon),Gulf Coast,2025-06-24,2025-03,4.343,Diesel
2025-03,RGC,NA,EPJK,Kerosene-Type Jet Fuel,PF4,Spot Price FOB,EER_EPJK_PF4_RGC_DPG,U.S. Gulf Coast Kerosene-Type Jet Fuel Spot Price FOB (Dollars per Gallon),Rocky Mountains,2025-06-03,2025-03,2.363,Jet Fuel
2025-02,Y44MB,NA,EPLLPA,Propane,PF4,Spot Price FOB,EER_EPLLPA_PF4_Y44MB_DPG,"Mont Belvieu, TX Propane Spot Price FOB (Dollars per Gallon)",Rocky Mountains,2025-06-16,2025-02,5.316,Other
2025-02,ZEU,NA,EPCBRENT,UK Brent Crude Oil,PF4,Spot Price FOB,RBRTE,Europe Brent Spot Price FOB (Dollars per Barrel),Midwest,2025-05-05,2025-02,102.45,Crude Oil
2025-02,RGC,NA,EPMRU,Conventional Regular Gasoline,PF4,Spot Price FOB,EER_EPMRU_PF4_RGC_DPG,U.S. Gulf Coast Conventional Gasoline Regular Spot Price FOB (Dollars per Gallon),Gulf Coast,2025-05-20,2025-02,2.564,Gasoline
2025-02,Y35NY,NEW YORK CITY,EPMRU,Conventional Regular Gasoline,PF4,Spot Price FOB,EER_EPMRU_PF4_Y35NY_DPG,New York Harbor Conventional Gasoline Regular Spot Price FOB (Dollars per Gallon),Gulf Coast,2025-04-12,2025-02,3.461,Gasoline
2025-02,YCUOK,NA,EPCWTI,WTI Crude Oil,PF4,Spot Price FOB,RWTC,"Cushing, OK WTI Spot Price FOB (Dollars per Barrel)",Rocky Mountains,2025-04-30,2025-02,5.15,Crude Oil
2025-02,Y05LA,LOS ANGELES,EPMRR,Reformulated Regular Gasoline,PF4,Spot Price FOB,EER_EPMRR_PF4_Y05LA_DPG,Los Angeles Reformulated RBOB Regular Gasoline Spot Price (Dollars per Gallon),Rocky Mountains,2025-06-01,2025-02,2.247,Gasoline
2025-02,Y35NY,NEW YORK CITY,EPD2F,No 2 Fuel Oil / Heating Oil,PF4,Spot Price FOB,EER_EPD2F_PF4_Y35NY_DPG,New York Harbor No. 2 Heating Oil Spot Price FOB (Dollars per Gallon),Rocky Mountains,2025-04-07,2025-02,4.333,Other
2025-02,RGC,NA,EPJK,Kerosene-Type Jet Fuel,PF4,Spot Price FOB,EER_EPJK_PF4_RGC_DPG,U.S. Gulf Coast Kerosene-Type Jet Fuel Spot Price FOB (Dollars per Gallon),Midwest,2025-06-05,2025-02,3.422,Jet Fuel
2025-02,Y05LA,LOS ANGELES,EPD2DC,Carb Diesel,PF4,Spot Price FOB,EER_EPD2DC_PF4_Y05LA_DPG,"Los Angeles, CA Ultra-Low Sulfur CARB Diesel Spot Price (Dollars per Gallon)",Rocky Mountains,2025-05-24,2025-02,3.398,Diesel
2025-02,RGC,NA,EPD2DXL0,No 2 Diesel Low Sulfur (0-15 ppm),PF4,Spot Price FOB,EER_EPD2DXL0_PF4_RGC_DPG,U.S. Gulf Coast Ultra-Low Sulfur No 2 Diesel Spot Price (Dollars per Gallon),Gulf Coast,2025-05-08,2025-02,2.457,Diesel
2025-02,Y35NY,NEW YORK CITY,EPD2DXL0,No 2 Diesel Low Sulfur (0-15 ppm),PF4,Spot Price FOB,EER_EPD2DXL0_PF4_Y35NY_DPG,New York Harbor Ultra-Low Sulfur No 2 Diesel Spot Price (Dollars per Gallon),Gulf Coast,2025-06-07,2025-02,4.719,Diesel
2025-01,Y44MB,NA,EPLLPA,Propane,PF4,Spot Price FOB,EER_EPLLPA_PF4_Y44MB_DPG,"Mont Belvieu, TX Propane Spot Price FOB (Dollars per Gallon)",Gulf Coast,2025-06-07,2025-01,2.011,Other
2025-01,Y35NY,NEW YORK CITY,EPMRU,Conventional Regular Gasoline,PF4,Spot Price FOB,EER_EPMRU_PF4_Y35NY_DPG,New York Harbor Conventional Gasoline Regular Spot Price FOB (Dollars per Gallon),Rocky Mountains,2025-06-27,2025-01,2.09,Gasoline
2025-01,RGC,NA,EPD2DXL0,No 2 Diesel Low Sulfur (0-15 ppm),PF4,Spot Price FOB,EER_EPD2DXL0_PF4_RGC_DPG,U.S. Gulf Coast Ultra-Low Sulfur No 2 Diesel Spot Price (Dollars per Gallon),Rocky Mountains,2025-05-18,2025-01,2.299,Diesel
2025-01,Y35NY,NEW YORK CITY,EPD2F,No 2 Fuel Oil / Heating Oil,PF4,Spot Price FOB,EER_EPD2F_PF4_Y35NY_DPG,New York Harbor No. 2 Heating Oil Spot Price FOB (Dollars per Gallon),Rocky Mountains,2025-05-20,2025-01,1.944,Other
2025-01,Y05LA,LOS ANGELES,EPD2DC,Carb Diesel,PF4,Spot Price FOB,EER_EPD2DC_PF4_Y05LA_DPG,"Los Angeles, CA Ultra-Low Sulfur CARB Diesel Spot Price (Dollars per Gallon)",Midwest,2025-05-03,2025-01,3.697,Diesel
2025-01,ZEU,NA,EPCBRENT,UK Brent Crude Oil,PF4,Spot Price FOB,RBRTE,Europe Brent Spot Price FOB (Dollars per Barrel),West Coast,2025-05-03,2025-01,118.15,Crude Oil
2025-01,Y05LA,LOS ANGELES,EPMRR,Reformulated Regular Gasoline,PF4,Spot Price FOB,EER_EPMRR_PF4_Y05LA_DPG,Los Angeles Reformulated RBOB Regular Gasoline Spot Price (Dollars per Gallon),Midwest,2025-04-12,2025-01,2.172,Gasoline
2025-01,Y35NY,NEW YORK CITY,EPD2DXL0,No 2 Diesel Low Sulfur (0-15 ppm),PF4,Spot Price FOB,EER_EPD2DXL0_PF4_Y35NY_DPG,New York Harbor Ultra-Low Sulfur No 2 Diesel Spot Price (Dollars per Gallon),Midwest,2025-04-08,2025-01,2.765,Diesel
2025-01,YCUOK,NA,EPCWTI,WTI Crude Oil,PF4,Spot Price FOB,RWTC,"Cushing, OK WTI Spot Price FOB (Dollars per Barrel)",Gulf Coast,2025-04-18,2025-01,2.106,Crude Oil
2025-01,RGC,NA,EPMRU,Conventional Regular Gasoline,PF4,Spot Price FOB,EER_EPMRU_PF4_RGC_DPG,U.S. Gulf Coast Conventional Gasoline Regular Spot Price FOB (Dollars per Gallon),Midwest,2025-06-16,2025-01,2.824,Gasoline
2025-01,RGC,NA,EPJK,Kerosene-Type Jet Fuel,PF4,Spot Price FOB,EER_EPJK_PF4_RGC_DPG,U.S. Gulf Coast Kerosene-Type Jet Fuel Spot Price FOB (Dollars per Gallon),Midwest,2025-05-27,2025-01,3.547,Jet Fuel
